song,artist,emotion,category,language,youtube
Hindi Song 1,Arijit Singh,sad,heartbroken,Hindi,https://www.youtube.com/results?search_query=Hindi+Song+1+Arijit+Singh
Hindi Song 2,Neha Kakkar,calm,qawwali,Hindi,https://www.youtube.com/results?search_query=Hindi+Song+2+Neha+Kakkar
Hindi Song 3,Atif Aslam,happy,friendship,Hindi,https://www.youtube.com/results?search_query=Hindi+Song+3+Atif+Aslam
Hindi Song 4,Mohit Chauhan,sad,heartbroken,Hindi,https://www.youtube.com/results?search_query=Hindi+Song+4+Mohit+Chauhan
Hindi Song 5,Sunidhi Chauhan,sad,heartbroken,Hindi,https://www.youtube.com/results?search_query=Hindi+Song+5+Sunidhi+Chauhan
Hindi Song 6,Arijit Singh,happy,motivational,Hindi,https://www.youtube.com/results?search_query=Hindi+Song+6+Arijit+Singh
Hindi Song 7,Shreya Ghoshal,happy,party,Hindi,https://www.youtube.com/results?search_query=Hindi+Song+7+Shreya+Ghoshal
Hindi Song 8,Neha Kakkar,happy,friendship,Hindi,https://www.youtube.com/results?search_query=Hindi+Song+8+Neha+Kakkar
Hindi Song 9,Mohit Chauhan,happy,party,Hindi,https://www.youtube.com/results?search_query=Hindi+Song+9+Mohit+Chauhan
Hindi Song 10,Mohit Chauhan,happy,friendship,Hindi,https://www.youtube.com/results?search_query=Hindi+Song+10+Mohit+Chauhan
Hindi Song 11,Neha Kakkar,happy,motivational,Hindi,https://www.youtube.com/results?search_query=Hindi+Song+11+Neha+Kakkar
Hindi Song 12,Sunidhi Chauhan,sad,sad,Hindi,https://www.youtube.com/results?search_query=Hindi+Song+12+Sunidhi+Chauhan
Hindi Song 13,Arijit Singh,calm,qawwali,Hindi,https://www.youtube.com/results?search_query=Hindi+Song+13+Arijit+Singh
Hindi Song 14,Sonu Nigam,happy,travel,Hindi,https://www.youtube.com/results?search_query=Hindi+Song+14+Sonu+Nigam
Hindi Song 15,Jubin Nautiyal,happy,romantic,Hindi,https://www.youtube.com/results?search_query=Hindi+Song+15+Jubin+Nautiyal
Hindi Song 16,Neha Kakkar,happy,travel,Hindi,https://www.youtube.com/results?search_query=Hindi+Song+16+Neha+Kakkar
Hindi Song 17,Shreya Ghoshal,happy,romantic,Hindi,https://www.youtube.com/results?search_query=Hindi+Song+17+Shreya+Ghoshal
Hindi Song 18,Sonu Nigam,sad,heartbroken,Hindi,https://www.youtube.com/results?search_query=Hindi+Song+18+Sonu+Nigam
Hindi Song 19,A.R. Rahman,sad,heartbroken,Hindi,https://www.youtube.com/results?search_query=Hindi+Song+19+A.R.+Rahman
Hindi Song 20,Sunidhi Chauhan,happy,romantic,Hindi,https://www.youtube.com/results?search_query=Hindi+Song+20+Sunidhi+Chauhan
Hindi Song 21,Arijit Singh,calm,qawwali,Hindi,https://www.youtube.com/results?search_query=Hindi+Song+21+Arijit+Singh
Hindi Song 22,Mohit Chauhan,sad,sad,Hindi,https://www.youtube.com/results?search_query=Hindi+Song+22+Mohit+Chauhan
Hindi Song 23,Sonu Nigam,sad,heartbroken,Hindi,https://www.youtube.com/results?search_query=Hindi+Song+23+Sonu+Nigam
Hindi Song 24,Mohit Chauhan,sad,heartbroken,Hindi,https://www.youtube.com/results?search_query=Hindi+Song+24+Mohit+Chauhan
Hindi Song 25,Sunidhi Chauhan,calm,qawwali,Hindi,https://www.youtube.com/results?search_query=Hindi+Song+25+Sunidhi+Chauhan
Hindi Song 26,Sunidhi Chauhan,happy,romantic,Hindi,https://www.youtube.com/results?search_query=Hindi+Song+26+Sunidhi+Chauhan
Hindi Song 27,Shreya Ghoshal,happy,friendship,Hindi,https://www.youtube.com/results?search_query=Hindi+Song+27+Shreya+Ghoshal
Hindi Song 28,Neha Kakkar,happy,party,Hindi,https://www.youtube.com/results?search_query=Hindi+Song+28+Neha+Kakkar
Hindi Song 29,Shreya Ghoshal,calm,qawwali,Hindi,https://www.youtube.com/results?search_query=Hindi+Song+29+Shreya+Ghoshal
Hindi Song 30,Shreya Ghoshal,happy,friendship,Hindi,https://www.youtube.com/results?search_query=Hindi+Song+30+Shreya+Ghoshal
Hindi Song 31,Jubin Nautiyal,happy,motivational,Hindi,https://www.youtube.com/results?search_query=Hindi+Song+31+Jubin+Nautiyal
Hindi Song 32,A.R. Rahman,sad,sad,Hindi,https://www.youtube.com/results?search_query=Hindi+Song+32+A.R.+Rahman
Hindi Song 33,A.R. Rahman,happy,travel,Hindi,https://www.youtube.com/results?search_query=Hindi+Song+33+A.R.+Rahman
Hindi Song 34,Neha Kakkar,happy,romantic,Hindi,https://www.youtube.com/results?search_query=Hindi+Song+34+Neha+Kakkar
Hindi Song 35,Shreya Ghoshal,calm,qawwali,Hindi,https://www.youtube.com/results?search_query=Hindi+Song+35+Shreya+Ghoshal
Hindi Song 36,Mohit Chauhan,happy,travel,Hindi,https://www.youtube.com/results?search_query=Hindi+Song+36+Mohit+Chauhan
Hindi Song 37,Atif Aslam,happy,friendship,Hindi,https://www.youtube.com/results?search_query=Hindi+Song+37+Atif+Aslam
Hindi Song 38,Sonu Nigam,sad,sad,Hindi,https://www.youtube.com/results?search_query=Hindi+Song+38+Sonu+Nigam
Hindi Song 39,Mohit Chauhan,calm,qawwali,Hindi,https://www.youtube.com/results?search_query=Hindi+Song+39+Mohit+Chauhan
Hindi Song 40,A.R. Rahman,happy,friendship,Hindi,https://www.youtube.com/results?search_query=Hindi+Song+40+A.R.+Rahman
Hindi Song 41,Neha Kakkar,happy,party,Hindi,https://www.youtube.com/results?search_query=Hindi+Song+41+Neha+Kakkar
Hindi Song 42,A.R. Rahman,happy,party,Hindi,https://www.youtube.com/results?search_query=Hindi+Song+42+A.R.+Rahman
Hindi Song 43,Jubin Nautiyal,happy,motivational,Hindi,https://www.youtube.com/results?search_query=Hindi+Song+43+Jubin+Nautiyal
Hindi Song 44,Neha Kakkar,sad,heartbroken,Hindi,https://www.youtube.com/results?search_query=Hindi+Song+44+Neha+Kakkar
Hindi Song 45,Neha Kakkar,happy,romantic,Hindi,https://www.youtube.com/results?search_query=Hindi+Song+45+Neha+Kakkar
Hindi Song 46,Sonu Nigam,sad,sad,Hindi,https://www.youtube.com/results?search_query=Hindi+Song+46+Sonu+Nigam
Hindi Song 47,Atif Aslam,sad,sad,Hindi,https://www.youtube.com/results?search_query=Hindi+Song+47+Atif+Aslam
Hindi Song 48,Atif Aslam,calm,qawwali,Hindi,https://www.youtube.com/results?search_query=Hindi+Song+48+Atif+Aslam
Hindi Song 49,Mohit Chauhan,happy,friendship,Hindi,https://www.youtube.com/results?search_query=Hindi+Song+49+Mohit+Chauhan
Hindi Song 50,Sunidhi Chauhan,calm,qawwali,Hindi,https://www.youtube.com/results?search_query=Hindi+Song+50+Sunidhi+Chauhan
Hindi Song 51,Sunidhi Chauhan,happy,motivational,Hindi,https://www.youtube.com/results?search_query=Hindi+Song+51+Sunidhi+Chauhan
Hindi Song 52,A.R. Rahman,happy,motivational,Hindi,https://www.youtube.com/results?search_query=Hindi+Song+52+A.R.+Rahman
Hindi Song 53,Atif Aslam,happy,friendship,Hindi,https://www.youtube.com/results?search_query=Hindi+Song+53+Atif+Aslam
Hindi Song 54,Shreya Ghoshal,sad,sad,Hindi,https://www.youtube.com/results?search_query=Hindi+Song+54+Shreya+Ghoshal
Hindi Song 55,Shreya Ghoshal,happy,party,Hindi,https://www.youtube.com/results?search_query=Hindi+Song+55+Shreya+Ghoshal
Hindi Song 56,Atif Aslam,happy,travel,Hindi,https://www.youtube.com/results?search_query=Hindi+Song+56+Atif+Aslam
Hindi Song 57,Sunidhi Chauhan,happy,motivational,Hindi,https://www.youtube.com/results?search_query=Hindi+Song+57+Sunidhi+Chauhan
Hindi Song 58,Sonu Nigam,sad,heartbroken,Hindi,https://www.youtube.com/results?search_query=Hindi+Song+58+Sonu+Nigam
Hindi Song 59,Sunidhi Chauhan,happy,motivational,Hindi,https://www.youtube.com/results?search_query=Hindi+Song+59+Sunidhi+Chauhan
Hindi Song 60,Mohit Chauhan,sad,sad,Hindi,https://www.youtube.com/results?search_query=Hindi+Song+60+Mohit+Chauhan
Hindi Song 61,Mohit Chauhan,calm,qawwali,Hindi,https://www.youtube.com/results?search_query=Hindi+Song+61+Mohit+Chauhan
Hindi Song 62,Shreya Ghoshal,happy,party,Hindi,https://www.youtube.com/results?search_query=Hindi+Song+62+Shreya+Ghoshal
Hindi Song 63,A.R. Rahman,calm,qawwali,Hindi,https://www.youtube.com/results?search_query=Hindi+Song+63+A.R.+Rahman
Hindi Song 64,Jubin Nautiyal,sad,heartbroken,Hindi,https://www.youtube.com/results?search_query=Hindi+Song+64+Jubin+Nautiyal
Hindi Song 65,Atif Aslam,happy,motivational,Hindi,https://www.youtube.com/results?search_query=Hindi+Song+65+Atif+Aslam
Hindi Song 66,Arijit Singh,sad,sad,Hindi,https://www.youtube.com/results?search_query=Hindi+Song+66+Arijit+Singh
Hindi Song 67,Mohit Chauhan,calm,qawwali,Hindi,https://www.youtube.com/results?search_query=Hindi+Song+67+Mohit+Chauhan
Hindi Song 68,Mohit Chauhan,happy,travel,Hindi,https://www.youtube.com/results?search_query=Hindi+Song+68+Mohit+Chauhan
Hindi Song 69,Jubin Nautiyal,sad,heartbroken,Hindi,https://www.youtube.com/results?search_query=Hindi+Song+69+Jubin+Nautiyal
Hindi Song 70,Atif Aslam,happy,friendship,Hindi,https://www.youtube.com/results?search_query=Hindi+Song+70+Atif+Aslam
Hindi Song 71,Atif Aslam,happy,romantic,Hindi,https://www.youtube.com/results?search_query=Hindi+Song+71+Atif+Aslam
Hindi Song 72,Sunidhi Chauhan,happy,party,Hindi,https://www.youtube.com/results?search_query=Hindi+Song+72+Sunidhi+Chauhan
Hindi Song 73,KK,happy,romantic,Hindi,https://www.youtube.com/results?search_query=Hindi+Song+73+KK
Hindi Song 74,Shreya Ghoshal,happy,party,Hindi,https://www.youtube.com/results?search_query=Hindi+Song+74+Shreya+Ghoshal
Hindi Song 75,Jubin Nautiyal,happy,romantic,Hindi,https://www.youtube.com/results?search_query=Hindi+Song+75+Jubin+Nautiyal
Hindi Song 76,Arijit Singh,happy,friendship,Hindi,https://www.youtube.com/results?search_query=Hindi+Song+76+Arijit+Singh
Hindi Song 77,Sunidhi Chauhan,happy,friendship,Hindi,https://www.youtube.com/results?search_query=Hindi+Song+77+Sunidhi+Chauhan
Hindi Song 78,Shreya Ghoshal,sad,heartbroken,Hindi,https://www.youtube.com/results?search_query=Hindi+Song+78+Shreya+Ghoshal
Hindi Song 79,Shreya Ghoshal,sad,sad,Hindi,https://www.youtube.com/results?search_query=Hindi+Song+79+Shreya+Ghoshal
Hindi Song 80,Atif Aslam,happy,travel,Hindi,https://www.youtube.com/results?search_query=Hindi+Song+80+Atif+Aslam
Hindi Song 81,Mohit Chauhan,sad,sad,Hindi,https://www.youtube.com/results?search_query=Hindi+Song+81+Mohit+Chauhan
Hindi Song 82,Jubin Nautiyal,happy,travel,Hindi,https://www.youtube.com/results?search_query=Hindi+Song+82+Jubin+Nautiyal
Hindi Song 83,Neha Kakkar,happy,motivational,Hindi,https://www.youtube.com/results?search_query=Hindi+Song+83+Neha+Kakkar
Hindi Song 84,Jubin Nautiyal,happy,friendship,Hindi,https://www.youtube.com/results?search_query=Hindi+Song+84+Jubin+Nautiyal
Hindi Song 85,A.R. Rahman,happy,motivational,Hindi,https://www.youtube.com/results?search_query=Hindi+Song+85+A.R.+Rahman
Hindi Song 86,Mohit Chauhan,sad,sad,Hindi,https://www.youtube.com/results?search_query=Hindi+Song+86+Mohit+Chauhan
Hindi Song 87,Shreya Ghoshal,sad,sad,Hindi,https://www.youtube.com/results?search_query=Hindi+Song+87+Shreya+Ghoshal
Hindi Song 88,Neha Kakkar,happy,friendship,Hindi,https://www.youtube.com/results?search_query=Hindi+Song+88+Neha+Kakkar
Hindi Song 89,A.R. Rahman,sad,heartbroken,Hindi,https://www.youtube.com/results?search_query=Hindi+Song+89+A.R.+Rahman
Hindi Song 90,Sunidhi Chauhan,happy,party,Hindi,https://www.youtube.com/results?search_query=Hindi+Song+90+Sunidhi+Chauhan
Hindi Song 91,Sunidhi Chauhan,happy,friendship,Hindi,https://www.youtube.com/results?search_query=Hindi+Song+91+Sunidhi+Chauhan
Hindi Song 92,Arijit Singh,happy,friendship,Hindi,https://www.youtube.com/results?search_query=Hindi+Song+92+Arijit+Singh
Hindi Song 93,Arijit Singh,sad,heartbroken,Hindi,https://www.youtube.com/results?search_query=Hindi+Song+93+Arijit+Singh
Hindi Song 94,Shreya Ghoshal,happy,friendship,Hindi,https://www.youtube.com/results?search_query=Hindi+Song+94+Shreya+Ghoshal
Hindi Song 95,A.R. Rahman,happy,party,Hindi,https://www.youtube.com/results?search_query=Hindi+Song+95+A.R.+Rahman
Hindi Song 96,Mohit Chauhan,sad,heartbroken,Hindi,https://www.youtube.com/results?search_query=Hindi+Song+96+Mohit+Chauhan
Hindi Song 97,Jubin Nautiyal,happy,friendship,Hindi,https://www.youtube.com/results?search_query=Hindi+Song+97+Jubin+Nautiyal
Hindi Song 98,Neha Kakkar,sad,sad,Hindi,https://www.youtube.com/results?search_query=Hindi+Song+98+Neha+Kakkar
Hindi Song 99,Sunidhi Chauhan,happy,travel,Hindi,https://www.youtube.com/results?search_query=Hindi+Song+99+Sunidhi+Chauhan
Hindi Song 100,Neha Kakkar,sad,sad,Hindi,https://www.youtube.com/results?search_query=Hindi+Song+100+Neha+Kakkar
Hindi Song 101,Sonu Nigam,sad,sad,Hindi,https://www.youtube.com/results?search_query=Hindi+Song+101+Sonu+Nigam
Hindi Song 102,Shreya Ghoshal,happy,friendship,Hindi,https://www.youtube.com/results?search_query=Hindi+Song+102+Shreya+Ghoshal
Hindi Song 103,Sonu Nigam,sad,heartbroken,Hindi,https://www.youtube.com/results?search_query=Hindi+Song+103+Sonu+Nigam
Hindi Song 104,Sonu Nigam,happy,romantic,Hindi,https://www.youtube.com/results?search_query=Hindi+Song+104+Sonu+Nigam
Hindi Song 105,KK,happy,motivational,Hindi,https://www.youtube.com/results?search_query=Hindi+Song+105+KK
Hindi Song 106,Shreya Ghoshal,happy,party,Hindi,https://www.youtube.com/results?search_query=Hindi+Song+106+Shreya+Ghoshal
Hindi Song 107,Sonu Nigam,happy,party,Hindi,https://www.youtube.com/results?search_query=Hindi+Song+107+Sonu+Nigam
Hindi Song 108,Shreya Ghoshal,happy,romantic,Hindi,https://www.youtube.com/results?search_query=Hindi+Song+108+Shreya+Ghoshal
Hindi Song 109,Neha Kakkar,happy,friendship,Hindi,https://www.youtube.com/results?search_query=Hindi+Song+109+Neha+Kakkar
Hindi Song 110,Mohit Chauhan,happy,friendship,Hindi,https://www.youtube.com/results?search_query=Hindi+Song+110+Mohit+Chauhan
Hindi Song 111,Atif Aslam,sad,sad,Hindi,https://www.youtube.com/results?search_query=Hindi+Song+111+Atif+Aslam
Hindi Song 112,Atif Aslam,happy,motivational,Hindi,https://www.youtube.com/results?search_query=Hindi+Song+112+Atif+Aslam
Hindi Song 113,KK,calm,qawwali,Hindi,https://www.youtube.com/results?search_query=Hindi+Song+113+KK
Hindi Song 114,Shreya Ghoshal,happy,friendship,Hindi,https://www.youtube.com/results?search_query=Hindi+Song+114+Shreya+Ghoshal
Hindi Song 115,Mohit Chauhan,sad,sad,Hindi,https://www.youtube.com/results?search_query=Hindi+Song+115+Mohit+Chauhan
Hindi Song 116,Arijit Singh,sad,heartbroken,Hindi,https://www.youtube.com/results?search_query=Hindi+Song+116+Arijit+Singh
Hindi Song 117,Shreya Ghoshal,happy,party,Hindi,https://www.youtube.com/results?search_query=Hindi+Song+117+Shreya+Ghoshal
Hindi Song 118,Atif Aslam,happy,friendship,Hindi,https://www.youtube.com/results?search_query=Hindi+Song+118+Atif+Aslam
Hindi Song 119,KK,happy,motivational,Hindi,https://www.youtube.com/results?search_query=Hindi+Song+119+KK
Hindi Song 120,Neha Kakkar,sad,sad,Hindi,https://www.youtube.com/results?search_query=Hindi+Song+120+Neha+Kakkar
Hindi Song 121,Arijit Singh,happy,motivational,Hindi,https://www.youtube.com/results?search_query=Hindi+Song+121+Arijit+Singh
Hindi Song 122,Sonu Nigam,happy,travel,Hindi,https://www.youtube.com/results?search_query=Hindi+Song+122+Sonu+Nigam
Hindi Song 123,Sonu Nigam,happy,party,Hindi,https://www.youtube.com/results?search_query=Hindi+Song+123+Sonu+Nigam
Hindi Song 124,KK,calm,qawwali,Hindi,https://www.youtube.com/results?search_query=Hindi+Song+124+KK
Hindi Song 125,Sonu Nigam,calm,qawwali,Hindi,https://www.youtube.com/results?search_query=Hindi+Song+125+Sonu+Nigam
Hindi Song 126,Atif Aslam,sad,sad,Hindi,https://www.youtube.com/results?search_query=Hindi+Song+126+Atif+Aslam
Hindi Song 127,Jubin Nautiyal,happy,friendship,Hindi,https://www.youtube.com/results?search_query=Hindi+Song+127+Jubin+Nautiyal
Hindi Song 128,Arijit Singh,happy,friendship,Hindi,https://www.youtube.com/results?search_query=Hindi+Song+128+Arijit+Singh
Hindi Song 129,A.R. Rahman,happy,party,Hindi,https://www.youtube.com/results?search_query=Hindi+Song+129+A.R.+Rahman
Hindi Song 130,Arijit Singh,happy,party,Hindi,https://www.youtube.com/results?search_query=Hindi+Song+130+Arijit+Singh
Hindi Song 131,Mohit Chauhan,sad,sad,Hindi,https://www.youtube.com/results?search_query=Hindi+Song+131+Mohit+Chauhan
Hindi Song 132,Arijit Singh,happy,travel,Hindi,https://www.youtube.com/results?search_query=Hindi+Song+132+Arijit+Singh
Hindi Song 133,Atif Aslam,sad,heartbroken,Hindi,https://www.youtube.com/results?search_query=Hindi+Song+133+Atif+Aslam
Hindi Song 134,Sunidhi Chauhan,sad,heartbroken,Hindi,https://www.youtube.com/results?search_query=Hindi+Song+134+Sunidhi+Chauhan
Hindi Song 135,Neha Kakkar,sad,heartbroken,Hindi,https://www.youtube.com/results?search_query=Hindi+Song+135+Neha+Kakkar
Hindi Song 136,Shreya Ghoshal,happy,motivational,Hindi,https://www.youtube.com/results?search_query=Hindi+Song+136+Shreya+Ghoshal
Hindi Song 137,Sunidhi Chauhan,happy,friendship,Hindi,https://www.youtube.com/results?search_query=Hindi+Song+137+Sunidhi+Chauhan
Hindi Song 138,Sunidhi Chauhan,happy,party,Hindi,https://www.youtube.com/results?search_query=Hindi+Song+138+Sunidhi+Chauhan
Hindi Song 139,Sonu Nigam,sad,heartbroken,Hindi,https://www.youtube.com/results?search_query=Hindi+Song+139+Sonu+Nigam
Hindi Song 140,Jubin Nautiyal,happy,romantic,Hindi,https://www.youtube.com/results?search_query=Hindi+Song+140+Jubin+Nautiyal
Hindi Song 141,A.R. Rahman,happy,friendship,Hindi,https://www.youtube.com/results?search_query=Hindi+Song+141+A.R.+Rahman
Hindi Song 142,Jubin Nautiyal,happy,friendship,Hindi,https://www.youtube.com/results?search_query=Hindi+Song+142+Jubin+Nautiyal
Hindi Song 143,Atif Aslam,happy,motivational,Hindi,https://www.youtube.com/results?search_query=Hindi+Song+143+Atif+Aslam
Hindi Song 144,KK,calm,qawwali,Hindi,https://www.youtube.com/results?search_query=Hindi+Song+144+KK
Hindi Song 145,Shreya Ghoshal,happy,romantic,Hindi,https://www.youtube.com/results?search_query=Hindi+Song+145+Shreya+Ghoshal
Hindi Song 146,KK,happy,party,Hindi,https://www.youtube.com/results?search_query=Hindi+Song+146+KK
Hindi Song 147,Shreya Ghoshal,sad,heartbroken,Hindi,https://www.youtube.com/results?search_query=Hindi+Song+147+Shreya+Ghoshal
Hindi Song 148,Mohit Chauhan,happy,friendship,Hindi,https://www.youtube.com/results?search_query=Hindi+Song+148+Mohit+Chauhan
Hindi Song 149,Atif Aslam,calm,qawwali,Hindi,https://www.youtube.com/results?search_query=Hindi+Song+149+Atif+Aslam
Hindi Song 150,Shreya Ghoshal,happy,romantic,Hindi,https://www.youtube.com/results?search_query=Hindi+Song+150+Shreya+Ghoshal
Hindi Song 151,A.R. Rahman,happy,friendship,Hindi,https://www.youtube.com/results?search_query=Hindi+Song+151+A.R.+Rahman
Hindi Song 152,Atif Aslam,calm,qawwali,Hindi,https://www.youtube.com/results?search_query=Hindi+Song+152+Atif+Aslam
Hindi Song 153,Mohit Chauhan,sad,sad,Hindi,https://www.youtube.com/results?search_query=Hindi+Song+153+Mohit+Chauhan
Hindi Song 154,Sunidhi Chauhan,calm,qawwali,Hindi,https://www.youtube.com/results?search_query=Hindi+Song+154+Sunidhi+Chauhan
Hindi Song 155,Mohit Chauhan,happy,party,Hindi,https://www.youtube.com/results?search_query=Hindi+Song+155+Mohit+Chauhan
Hindi Song 156,Shreya Ghoshal,calm,qawwali,Hindi,https://www.youtube.com/results?search_query=Hindi+Song+156+Shreya+Ghoshal
Hindi Song 157,Jubin Nautiyal,happy,travel,Hindi,https://www.youtube.com/results?search_query=Hindi+Song+157+Jubin+Nautiyal
Hindi Song 158,Shreya Ghoshal,sad,heartbroken,Hindi,https://www.youtube.com/results?search_query=Hindi+Song+158+Shreya+Ghoshal
Hindi Song 159,Jubin Nautiyal,happy,travel,Hindi,https://www.youtube.com/results?search_query=Hindi+Song+159+Jubin+Nautiyal
Hindi Song 160,Sunidhi Chauhan,calm,qawwali,Hindi,https://www.youtube.com/results?search_query=Hindi+Song+160+Sunidhi+Chauhan
Hindi Song 161,A.R. Rahman,happy,friendship,Hindi,https://www.youtube.com/results?search_query=Hindi+Song+161+A.R.+Rahman
Hindi Song 162,Jubin Nautiyal,happy,friendship,Hindi,https://www.youtube.com/results?search_query=Hindi+Song+162+Jubin+Nautiyal
Hindi Song 163,Jubin Nautiyal,sad,sad,Hindi,https://www.youtube.com/results?search_query=Hindi+Song+163+Jubin+Nautiyal
Hindi Song 164,Shreya Ghoshal,happy,party,Hindi,https://www.youtube.com/results?search_query=Hindi+Song+164+Shreya+Ghoshal
Hindi Song 165,Jubin Nautiyal,happy,motivational,Hindi,https://www.youtube.com/results?search_query=Hindi+Song+165+Jubin+Nautiyal
Hindi Song 166,Arijit Singh,happy,party,Hindi,https://www.youtube.com/results?search_query=Hindi+Song+166+Arijit+Singh
Hindi Song 167,Atif Aslam,happy,romantic,Hindi,https://www.youtube.com/results?search_query=Hindi+Song+167+Atif+Aslam
Hindi Song 168,Atif Aslam,calm,qawwali,Hindi,https://www.youtube.com/results?search_query=Hindi+Song+168+Atif+Aslam
Hindi Song 169,Mohit Chauhan,sad,sad,Hindi,https://www.youtube.com/results?search_query=Hindi+Song+169+Mohit+Chauhan
Hindi Song 170,Mohit Chauhan,happy,motivational,Hindi,https://www.youtube.com/results?search_query=Hindi+Song+170+Mohit+Chauhan
Hindi Song 171,Shreya Ghoshal,happy,party,Hindi,https://www.youtube.com/results?search_query=Hindi+Song+171+Shreya+Ghoshal
Hindi Song 172,Atif Aslam,sad,heartbroken,Hindi,https://www.youtube.com/results?search_query=Hindi+Song+172+Atif+Aslam
Hindi Song 173,A.R. Rahman,happy,party,Hindi,https://www.youtube.com/results?search_query=Hindi+Song+173+A.R.+Rahman
Hindi Song 174,Sonu Nigam,happy,travel,Hindi,https://www.youtube.com/results?search_query=Hindi+Song+174+Sonu+Nigam
Hindi Song 175,Arijit Singh,happy,travel,Hindi,https://www.youtube.com/results?search_query=Hindi+Song+175+Arijit+Singh
Hindi Song 176,A.R. Rahman,calm,qawwali,Hindi,https://www.youtube.com/results?search_query=Hindi+Song+176+A.R.+Rahman
Hindi Song 177,A.R. Rahman,happy,party,Hindi,https://www.youtube.com/results?search_query=Hindi+Song+177+A.R.+Rahman
Hindi Song 178,Neha Kakkar,happy,friendship,Hindi,https://www.youtube.com/results?search_query=Hindi+Song+178+Neha+Kakkar
Hindi Song 179,A.R. Rahman,sad,heartbroken,Hindi,https://www.youtube.com/results?search_query=Hindi+Song+179+A.R.+Rahman
Hindi Song 180,Sunidhi Chauhan,happy,motivational,Hindi,https://www.youtube.com/results?search_query=Hindi+Song+180+Sunidhi+Chauhan
Hindi Song 181,Neha Kakkar,happy,travel,Hindi,https://www.youtube.com/results?search_query=Hindi+Song+181+Neha+Kakkar
Hindi Song 182,Atif Aslam,happy,travel,Hindi,https://www.youtube.com/results?search_query=Hindi+Song+182+Atif+Aslam
Hindi Song 183,Arijit Singh,happy,motivational,Hindi,https://www.youtube.com/results?search_query=Hindi+Song+183+Arijit+Singh
Hindi Song 184,A.R. Rahman,happy,travel,Hindi,https://www.youtube.com/results?search_query=Hindi+Song+184+A.R.+Rahman
Hindi Song 185,Neha Kakkar,happy,motivational,Hindi,https://www.youtube.com/results?search_query=Hindi+Song+185+Neha+Kakkar
Hindi Song 186,Atif Aslam,calm,qawwali,Hindi,https://www.youtube.com/results?search_query=Hindi+Song+186+Atif+Aslam
Hindi Song 187,Sonu Nigam,sad,heartbroken,Hindi,https://www.youtube.com/results?search_query=Hindi+Song+187+Sonu+Nigam
Hindi Song 188,KK,happy,party,Hindi,https://www.youtube.com/results?search_query=Hindi+Song+188+KK
Hindi Song 189,Neha Kakkar,happy,friendship,Hindi,https://www.youtube.com/results?search_query=Hindi+Song+189+Neha+Kakkar
Hindi Song 190,A.R. Rahman,sad,sad,Hindi,https://www.youtube.com/results?search_query=Hindi+Song+190+A.R.+Rahman
Hindi Song 191,Neha Kakkar,calm,qawwali,Hindi,https://www.youtube.com/results?search_query=Hindi+Song+191+Neha+Kakkar
Hindi Song 192,Arijit Singh,happy,friendship,Hindi,https://www.youtube.com/results?search_query=Hindi+Song+192+Arijit+Singh
Hindi Song 193,Sonu Nigam,happy,friendship,Hindi,https://www.youtube.com/results?search_query=Hindi+Song+193+Sonu+Nigam
Hindi Song 194,Jubin Nautiyal,happy,romantic,Hindi,https://www.youtube.com/results?search_query=Hindi+Song+194+Jubin+Nautiyal
Hindi Song 195,Jubin Nautiyal,sad,heartbroken,Hindi,https://www.youtube.com/results?search_query=Hindi+Song+195+Jubin+Nautiyal
Hindi Song 196,Mohit Chauhan,happy,romantic,Hindi,https://www.youtube.com/results?search_query=Hindi+Song+196+Mohit+Chauhan
Hindi Song 197,Mohit Chauhan,happy,motivational,Hindi,https://www.youtube.com/results?search_query=Hindi+Song+197+Mohit+Chauhan
Hindi Song 198,Arijit Singh,happy,romantic,Hindi,https://www.youtube.com/results?search_query=Hindi+Song+198+Arijit+Singh
Hindi Song 199,Jubin Nautiyal,sad,heartbroken,Hindi,https://www.youtube.com/results?search_query=Hindi+Song+199+Jubin+Nautiyal
Hindi Song 200,Sunidhi Chauhan,happy,travel,Hindi,https://www.youtube.com/results?search_query=Hindi+Song+200+Sunidhi+Chauhan
Hindi Song 201,Arijit Singh,calm,qawwali,Hindi,https://www.youtube.com/results?search_query=Hindi+Song+201+Arijit+Singh
Hindi Song 202,Sunidhi Chauhan,sad,heartbroken,Hindi,https://www.youtube.com/results?search_query=Hindi+Song+202+Sunidhi+Chauhan
Hindi Song 203,A.R. Rahman,happy,motivational,Hindi,https://www.youtube.com/results?search_query=Hindi+Song+203+A.R.+Rahman
Hindi Song 204,Sonu Nigam,happy,romantic,Hindi,https://www.youtube.com/results?search_query=Hindi+Song+204+Sonu+Nigam
Hindi Song 205,Sonu Nigam,sad,heartbroken,Hindi,https://www.youtube.com/results?search_query=Hindi+Song+205+Sonu+Nigam
Hindi Song 206,Jubin Nautiyal,happy,friendship,Hindi,https://www.youtube.com/results?search_query=Hindi+Song+206+Jubin+Nautiyal
Hindi Song 207,Sonu Nigam,happy,party,Hindi,https://www.youtube.com/results?search_query=Hindi+Song+207+Sonu+Nigam
Hindi Song 208,Mohit Chauhan,happy,party,Hindi,https://www.youtube.com/results?search_query=Hindi+Song+208+Mohit+Chauhan
Hindi Song 209,A.R. Rahman,happy,friendship,Hindi,https://www.youtube.com/results?search_query=Hindi+Song+209+A.R.+Rahman
Hindi Song 210,Shreya Ghoshal,happy,motivational,Hindi,https://www.youtube.com/results?search_query=Hindi+Song+210+Shreya+Ghoshal
Hindi Song 211,Sunidhi Chauhan,happy,romantic,Hindi,https://www.youtube.com/results?search_query=Hindi+Song+211+Sunidhi+Chauhan
Hindi Song 212,Shreya Ghoshal,happy,romantic,Hindi,https://www.youtube.com/results?search_query=Hindi+Song+212+Shreya+Ghoshal
Hindi Song 213,Mohit Chauhan,calm,qawwali,Hindi,https://www.youtube.com/results?search_query=Hindi+Song+213+Mohit+Chauhan
Hindi Song 214,Sonu Nigam,calm,qawwali,Hindi,https://www.youtube.com/results?search_query=Hindi+Song+214+Sonu+Nigam
Hindi Song 215,Sonu Nigam,happy,romantic,Hindi,https://www.youtube.com/results?search_query=Hindi+Song+215+Sonu+Nigam
Hindi Song 216,Mohit Chauhan,calm,qawwali,Hindi,https://www.youtube.com/results?search_query=Hindi+Song+216+Mohit+Chauhan
Hindi Song 217,Neha Kakkar,happy,travel,Hindi,https://www.youtube.com/results?search_query=Hindi+Song+217+Neha+Kakkar
Hindi Song 218,Sonu Nigam,happy,motivational,Hindi,https://www.youtube.com/results?search_query=Hindi+Song+218+Sonu+Nigam
Hindi Song 219,Sunidhi Chauhan,happy,travel,Hindi,https://www.youtube.com/results?search_query=Hindi+Song+219+Sunidhi+Chauhan
Hindi Song 220,Sonu Nigam,calm,qawwali,Hindi,https://www.youtube.com/results?search_query=Hindi+Song+220+Sonu+Nigam
Hindi Song 221,Jubin Nautiyal,happy,party,Hindi,https://www.youtube.com/results?search_query=Hindi+Song+221+Jubin+Nautiyal
Hindi Song 222,Neha Kakkar,calm,qawwali,Hindi,https://www.youtube.com/results?search_query=Hindi+Song+222+Neha+Kakkar
Hindi Song 223,Sunidhi Chauhan,happy,motivational,Hindi,https://www.youtube.com/results?search_query=Hindi+Song+223+Sunidhi+Chauhan
Hindi Song 224,KK,happy,romantic,Hindi,https://www.youtube.com/results?search_query=Hindi+Song+224+KK
Hindi Song 225,KK,sad,sad,Hindi,https://www.youtube.com/results?search_query=Hindi+Song+225+KK
Hindi Song 226,Mohit Chauhan,happy,friendship,Hindi,https://www.youtube.com/results?search_query=Hindi+Song+226+Mohit+Chauhan
Hindi Song 227,Atif Aslam,sad,sad,Hindi,https://www.youtube.com/results?search_query=Hindi+Song+227+Atif+Aslam
Hindi Song 228,Jubin Nautiyal,sad,heartbroken,Hindi,https://www.youtube.com/results?search_query=Hindi+Song+228+Jubin+Nautiyal
Hindi Song 229,Shreya Ghoshal,happy,romantic,Hindi,https://www.youtube.com/results?search_query=Hindi+Song+229+Shreya+Ghoshal
Hindi Song 230,Jubin Nautiyal,happy,friendship,Hindi,https://www.youtube.com/results?search_query=Hindi+Song+230+Jubin+Nautiyal
Hindi Song 231,Neha Kakkar,happy,friendship,Hindi,https://www.youtube.com/results?search_query=Hindi+Song+231+Neha+Kakkar
Hindi Song 232,Arijit Singh,happy,travel,Hindi,https://www.youtube.com/results?search_query=Hindi+Song+232+Arijit+Singh
Hindi Song 233,Neha Kakkar,happy,party,Hindi,https://www.youtube.com/results?search_query=Hindi+Song+233+Neha+Kakkar
Hindi Song 234,Sunidhi Chauhan,sad,sad,Hindi,https://www.youtube.com/results?search_query=Hindi+Song+234+Sunidhi+Chauhan
Hindi Song 235,KK,sad,heartbroken,Hindi,https://www.youtube.com/results?search_query=Hindi+Song+235+KK
Hindi Song 236,Sunidhi Chauhan,happy,motivational,Hindi,https://www.youtube.com/results?search_query=Hindi+Song+236+Sunidhi+Chauhan
Hindi Song 237,Sonu Nigam,happy,friendship,Hindi,https://www.youtube.com/results?search_query=Hindi+Song+237+Sonu+Nigam
Hindi Song 238,Sonu Nigam,sad,sad,Hindi,https://www.youtube.com/results?search_query=Hindi+Song+238+Sonu+Nigam
Hindi Song 239,Atif Aslam,happy,friendship,Hindi,https://www.youtube.com/results?search_query=Hindi+Song+239+Atif+Aslam
Hindi Song 240,Shreya Ghoshal,happy,party,Hindi,https://www.youtube.com/results?search_query=Hindi+Song+240+Shreya+Ghoshal
Hindi Song 241,Neha Kakkar,happy,motivational,Hindi,https://www.youtube.com/results?search_query=Hindi+Song+241+Neha+Kakkar
Hindi Song 242,Mohit Chauhan,happy,travel,Hindi,https://www.youtube.com/results?search_query=Hindi+Song+242+Mohit+Chauhan
Hindi Song 243,Arijit Singh,sad,sad,Hindi,https://www.youtube.com/results?search_query=Hindi+Song+243+Arijit+Singh
Hindi Song 244,Shreya Ghoshal,happy,friendship,Hindi,https://www.youtube.com/results?search_query=Hindi+Song+244+Shreya+Ghoshal
Hindi Song 245,Atif Aslam,sad,sad,Hindi,https://www.youtube.com/results?search_query=Hindi+Song+245+Atif+Aslam
Hindi Song 246,Mohit Chauhan,sad,sad,Hindi,https://www.youtube.com/results?search_query=Hindi+Song+246+Mohit+Chauhan
Hindi Song 247,KK,happy,romantic,Hindi,https://www.youtube.com/results?search_query=Hindi+Song+247+KK
Hindi Song 248,Mohit Chauhan,happy,motivational,Hindi,https://www.youtube.com/results?search_query=Hindi+Song+248+Mohit+Chauhan
Hindi Song 249,Atif Aslam,sad,sad,Hindi,https://www.youtube.com/results?search_query=Hindi+Song+249+Atif+Aslam
Hindi Song 250,KK,sad,sad,Hindi,https://www.youtube.com/results?search_query=Hindi+Song+250+KK
Punjabi Song 1,Guru Randhawa,calm,qawwali,Punjabi,https://www.youtube.com/results?search_query=Punjabi+Song+1+Guru+Randhawa
Punjabi Song 2,Badshah,calm,qawwali,Punjabi,https://www.youtube.com/results?search_query=Punjabi+Song+2+Badshah
Punjabi Song 3,Guru Randhawa,sad,sad,Punjabi,https://www.youtube.com/results?search_query=Punjabi+Song+3+Guru+Randhawa
Punjabi Song 4,Jass Manak,calm,qawwali,Punjabi,https://www.youtube.com/results?search_query=Punjabi+Song+4+Jass+Manak
Punjabi Song 5,Karan Aujla,sad,heartbroken,Punjabi,https://www.youtube.com/results?search_query=Punjabi+Song+5+Karan+Aujla
Punjabi Song 6,Karan Aujla,happy,friendship,Punjabi,https://www.youtube.com/results?search_query=Punjabi+Song+6+Karan+Aujla
Punjabi Song 7,Ammy Virk,happy,romantic,Punjabi,https://www.youtube.com/results?search_query=Punjabi+Song+7+Ammy+Virk
Punjabi Song 8,Sidhu Moosewala,sad,heartbroken,Punjabi,https://www.youtube.com/results?search_query=Punjabi+Song+8+Sidhu+Moosewala
Punjabi Song 9,Guru Randhawa,happy,travel,Punjabi,https://www.youtube.com/results?search_query=Punjabi+Song+9+Guru+Randhawa
Punjabi Song 10,Sidhu Moosewala,happy,motivational,Punjabi,https://www.youtube.com/results?search_query=Punjabi+Song+10+Sidhu+Moosewala
Punjabi Song 11,Diljit Dosanjh,happy,friendship,Punjabi,https://www.youtube.com/results?search_query=Punjabi+Song+11+Diljit+Dosanjh
Punjabi Song 12,Sharry Mann,happy,motivational,Punjabi,https://www.youtube.com/results?search_query=Punjabi+Song+12+Sharry+Mann
Punjabi Song 13,Badshah,happy,romantic,Punjabi,https://www.youtube.com/results?search_query=Punjabi+Song+13+Badshah
Punjabi Song 14,Sharry Mann,sad,sad,Punjabi,https://www.youtube.com/results?search_query=Punjabi+Song+14+Sharry+Mann
Punjabi Song 15,Guru Randhawa,happy,party,Punjabi,https://www.youtube.com/results?search_query=Punjabi+Song+15+Guru+Randhawa
Punjabi Song 16,Sharry Mann,happy,motivational,Punjabi,https://www.youtube.com/results?search_query=Punjabi+Song+16+Sharry+Mann
Punjabi Song 17,B Praak,happy,party,Punjabi,https://www.youtube.com/results?search_query=Punjabi+Song+17+B+Praak
Punjabi Song 18,Jass Manak,happy,motivational,Punjabi,https://www.youtube.com/results?search_query=Punjabi+Song+18+Jass+Manak
Punjabi Song 19,Ammy Virk,happy,party,Punjabi,https://www.youtube.com/results?search_query=Punjabi+Song+19+Ammy+Virk
Punjabi Song 20,Sharry Mann,calm,qawwali,Punjabi,https://www.youtube.com/results?search_query=Punjabi+Song+20+Sharry+Mann
Punjabi Song 21,Badshah,happy,motivational,Punjabi,https://www.youtube.com/results?search_query=Punjabi+Song+21+Badshah
Punjabi Song 22,Jass Manak,happy,friendship,Punjabi,https://www.youtube.com/results?search_query=Punjabi+Song+22+Jass+Manak
Punjabi Song 23,Karan Aujla,happy,friendship,Punjabi,https://www.youtube.com/results?search_query=Punjabi+Song+23+Karan+Aujla
Punjabi Song 24,Jass Manak,happy,motivational,Punjabi,https://www.youtube.com/results?search_query=Punjabi+Song+24+Jass+Manak
Punjabi Song 25,Sharry Mann,happy,party,Punjabi,https://www.youtube.com/results?search_query=Punjabi+Song+25+Sharry+Mann
Punjabi Song 26,Sharry Mann,happy,romantic,Punjabi,https://www.youtube.com/results?search_query=Punjabi+Song+26+Sharry+Mann
Punjabi Song 27,Jass Manak,happy,travel,Punjabi,https://www.youtube.com/results?search_query=Punjabi+Song+27+Jass+Manak
Punjabi Song 28,B Praak,happy,travel,Punjabi,https://www.youtube.com/results?search_query=Punjabi+Song+28+B+Praak
Punjabi Song 29,Sharry Mann,happy,party,Punjabi,https://www.youtube.com/results?search_query=Punjabi+Song+29+Sharry+Mann
Punjabi Song 30,Diljit Dosanjh,happy,party,Punjabi,https://www.youtube.com/results?search_query=Punjabi+Song+30+Diljit+Dosanjh
Punjabi Song 31,Sidhu Moosewala,happy,motivational,Punjabi,https://www.youtube.com/results?search_query=Punjabi+Song+31+Sidhu+Moosewala
Punjabi Song 32,Sidhu Moosewala,sad,sad,Punjabi,https://www.youtube.com/results?search_query=Punjabi+Song+32+Sidhu+Moosewala
Punjabi Song 33,Karan Aujla,happy,party,Punjabi,https://www.youtube.com/results?search_query=Punjabi+Song+33+Karan+Aujla
Punjabi Song 34,Ammy Virk,happy,motivational,Punjabi,https://www.youtube.com/results?search_query=Punjabi+Song+34+Ammy+Virk
Punjabi Song 35,Jass Manak,happy,friendship,Punjabi,https://www.youtube.com/results?search_query=Punjabi+Song+35+Jass+Manak
Punjabi Song 36,Ammy Virk,happy,romantic,Punjabi,https://www.youtube.com/results?search_query=Punjabi+Song+36+Ammy+Virk
Punjabi Song 37,Karan Aujla,happy,motivational,Punjabi,https://www.youtube.com/results?search_query=Punjabi+Song+37+Karan+Aujla
Punjabi Song 38,Karan Aujla,happy,motivational,Punjabi,https://www.youtube.com/results?search_query=Punjabi+Song+38+Karan+Aujla
Punjabi Song 39,Jass Manak,sad,heartbroken,Punjabi,https://www.youtube.com/results?search_query=Punjabi+Song+39+Jass+Manak
Punjabi Song 40,Badshah,happy,party,Punjabi,https://www.youtube.com/results?search_query=Punjabi+Song+40+Badshah
Punjabi Song 41,Ammy Virk,happy,party,Punjabi,https://www.youtube.com/results?search_query=Punjabi+Song+41+Ammy+Virk
Punjabi Song 42,Diljit Dosanjh,happy,friendship,Punjabi,https://www.youtube.com/results?search_query=Punjabi+Song+42+Diljit+Dosanjh
Punjabi Song 43,AP Dhillon,happy,party,Punjabi,https://www.youtube.com/results?search_query=Punjabi+Song+43+AP+Dhillon
Punjabi Song 44,Guru Randhawa,happy,friendship,Punjabi,https://www.youtube.com/results?search_query=Punjabi+Song+44+Guru+Randhawa
Punjabi Song 45,B Praak,happy,party,Punjabi,https://www.youtube.com/results?search_query=Punjabi+Song+45+B+Praak
Punjabi Song 46,Guru Randhawa,happy,travel,Punjabi,https://www.youtube.com/results?search_query=Punjabi+Song+46+Guru+Randhawa
Punjabi Song 47,Jass Manak,happy,travel,Punjabi,https://www.youtube.com/results?search_query=Punjabi+Song+47+Jass+Manak
Punjabi Song 48,B Praak,sad,heartbroken,Punjabi,https://www.youtube.com/results?search_query=Punjabi+Song+48+B+Praak
Punjabi Song 49,Jass Manak,happy,friendship,Punjabi,https://www.youtube.com/results?search_query=Punjabi+Song+49+Jass+Manak
Punjabi Song 50,Ammy Virk,calm,qawwali,Punjabi,https://www.youtube.com/results?search_query=Punjabi+Song+50+Ammy+Virk
Punjabi Song 51,B Praak,happy,travel,Punjabi,https://www.youtube.com/results?search_query=Punjabi+Song+51+B+Praak
Punjabi Song 52,Sidhu Moosewala,sad,heartbroken,Punjabi,https://www.youtube.com/results?search_query=Punjabi+Song+52+Sidhu+Moosewala
Punjabi Song 53,Diljit Dosanjh,calm,qawwali,Punjabi,https://www.youtube.com/results?search_query=Punjabi+Song+53+Diljit+Dosanjh
Punjabi Song 54,Karan Aujla,happy,party,Punjabi,https://www.youtube.com/results?search_query=Punjabi+Song+54+Karan+Aujla
Punjabi Song 55,Sharry Mann,happy,motivational,Punjabi,https://www.youtube.com/results?search_query=Punjabi+Song+55+Sharry+Mann
Punjabi Song 56,Diljit Dosanjh,happy,friendship,Punjabi,https://www.youtube.com/results?search_query=Punjabi+Song+56+Diljit+Dosanjh
Punjabi Song 57,Diljit Dosanjh,happy,friendship,Punjabi,https://www.youtube.com/results?search_query=Punjabi+Song+57+Diljit+Dosanjh
Punjabi Song 58,B Praak,calm,qawwali,Punjabi,https://www.youtube.com/results?search_query=Punjabi+Song+58+B+Praak
Punjabi Song 59,B Praak,sad,heartbroken,Punjabi,https://www.youtube.com/results?search_query=Punjabi+Song+59+B+Praak
Punjabi Song 60,Ammy Virk,happy,party,Punjabi,https://www.youtube.com/results?search_query=Punjabi+Song+60+Ammy+Virk
Punjabi Song 61,Ammy Virk,happy,motivational,Punjabi,https://www.youtube.com/results?search_query=Punjabi+Song+61+Ammy+Virk
Punjabi Song 62,Badshah,sad,heartbroken,Punjabi,https://www.youtube.com/results?search_query=Punjabi+Song+62+Badshah
Punjabi Song 63,AP Dhillon,happy,romantic,Punjabi,https://www.youtube.com/results?search_query=Punjabi+Song+63+AP+Dhillon
Punjabi Song 64,Jass Manak,happy,motivational,Punjabi,https://www.youtube.com/results?search_query=Punjabi+Song+64+Jass+Manak
Punjabi Song 65,Sharry Mann,sad,heartbroken,Punjabi,https://www.youtube.com/results?search_query=Punjabi+Song+65+Sharry+Mann
Punjabi Song 66,Jass Manak,happy,romantic,Punjabi,https://www.youtube.com/results?search_query=Punjabi+Song+66+Jass+Manak
Punjabi Song 67,Sharry Mann,happy,travel,Punjabi,https://www.youtube.com/results?search_query=Punjabi+Song+67+Sharry+Mann
Punjabi Song 68,Badshah,happy,travel,Punjabi,https://www.youtube.com/results?search_query=Punjabi+Song+68+Badshah
Punjabi Song 69,B Praak,calm,qawwali,Punjabi,https://www.youtube.com/results?search_query=Punjabi+Song+69+B+Praak
Punjabi Song 70,Jass Manak,sad,sad,Punjabi,https://www.youtube.com/results?search_query=Punjabi+Song+70+Jass+Manak
Punjabi Song 71,B Praak,happy,motivational,Punjabi,https://www.youtube.com/results?search_query=Punjabi+Song+71+B+Praak
Punjabi Song 72,Ammy Virk,calm,qawwali,Punjabi,https://www.youtube.com/results?search_query=Punjabi+Song+72+Ammy+Virk
Punjabi Song 73,Diljit Dosanjh,happy,friendship,Punjabi,https://www.youtube.com/results?search_query=Punjabi+Song+73+Diljit+Dosanjh
Punjabi Song 74,Jass Manak,calm,qawwali,Punjabi,https://www.youtube.com/results?search_query=Punjabi+Song+74+Jass+Manak
Punjabi Song 75,Jass Manak,happy,friendship,Punjabi,https://www.youtube.com/results?search_query=Punjabi+Song+75+Jass+Manak
Punjabi Song 76,Ammy Virk,happy,motivational,Punjabi,https://www.youtube.com/results?search_query=Punjabi+Song+76+Ammy+Virk
Punjabi Song 77,Jass Manak,happy,party,Punjabi,https://www.youtube.com/results?search_query=Punjabi+Song+77+Jass+Manak
Punjabi Song 78,Sidhu Moosewala,happy,romantic,Punjabi,https://www.youtube.com/results?search_query=Punjabi+Song+78+Sidhu+Moosewala
Punjabi Song 79,Guru Randhawa,sad,sad,Punjabi,https://www.youtube.com/results?search_query=Punjabi+Song+79+Guru+Randhawa
Punjabi Song 80,Karan Aujla,happy,romantic,Punjabi,https://www.youtube.com/results?search_query=Punjabi+Song+80+Karan+Aujla
Punjabi Song 81,Karan Aujla,happy,romantic,Punjabi,https://www.youtube.com/results?search_query=Punjabi+Song+81+Karan+Aujla
Punjabi Song 82,Badshah,calm,qawwali,Punjabi,https://www.youtube.com/results?search_query=Punjabi+Song+82+Badshah
Punjabi Song 83,Badshah,happy,party,Punjabi,https://www.youtube.com/results?search_query=Punjabi+Song+83+Badshah
Punjabi Song 84,Diljit Dosanjh,happy,friendship,Punjabi,https://www.youtube.com/results?search_query=Punjabi+Song+84+Diljit+Dosanjh
Punjabi Song 85,Sharry Mann,happy,friendship,Punjabi,https://www.youtube.com/results?search_query=Punjabi+Song+85+Sharry+Mann
Punjabi Song 86,Badshah,sad,sad,Punjabi,https://www.youtube.com/results?search_query=Punjabi+Song+86+Badshah
Punjabi Song 87,Jass Manak,happy,friendship,Punjabi,https://www.youtube.com/results?search_query=Punjabi+Song+87+Jass+Manak
Punjabi Song 88,Jass Manak,sad,sad,Punjabi,https://www.youtube.com/results?search_query=Punjabi+Song+88+Jass+Manak
Punjabi Song 89,Diljit Dosanjh,happy,party,Punjabi,https://www.youtube.com/results?search_query=Punjabi+Song+89+Diljit+Dosanjh
Punjabi Song 90,Guru Randhawa,calm,qawwali,Punjabi,https://www.youtube.com/results?search_query=Punjabi+Song+90+Guru+Randhawa
Punjabi Song 91,Guru Randhawa,happy,motivational,Punjabi,https://www.youtube.com/results?search_query=Punjabi+Song+91+Guru+Randhawa
Punjabi Song 92,B Praak,calm,qawwali,Punjabi,https://www.youtube.com/results?search_query=Punjabi+Song+92+B+Praak
Punjabi Song 93,Jass Manak,happy,romantic,Punjabi,https://www.youtube.com/results?search_query=Punjabi+Song+93+Jass+Manak
Punjabi Song 94,Sharry Mann,happy,romantic,Punjabi,https://www.youtube.com/results?search_query=Punjabi+Song+94+Sharry+Mann
Punjabi Song 95,Ammy Virk,happy,romantic,Punjabi,https://www.youtube.com/results?search_query=Punjabi+Song+95+Ammy+Virk
Punjabi Song 96,Karan Aujla,sad,sad,Punjabi,https://www.youtube.com/results?search_query=Punjabi+Song+96+Karan+Aujla
Punjabi Song 97,Karan Aujla,calm,qawwali,Punjabi,https://www.youtube.com/results?search_query=Punjabi+Song+97+Karan+Aujla
Punjabi Song 98,Diljit Dosanjh,happy,friendship,Punjabi,https://www.youtube.com/results?search_query=Punjabi+Song+98+Diljit+Dosanjh
Punjabi Song 99,Ammy Virk,happy,friendship,Punjabi,https://www.youtube.com/results?search_query=Punjabi+Song+99+Ammy+Virk
Punjabi Song 100,Badshah,sad,heartbroken,Punjabi,https://www.youtube.com/results?search_query=Punjabi+Song+100+Badshah
Punjabi Song 101,Guru Randhawa,happy,travel,Punjabi,https://www.youtube.com/results?search_query=Punjabi+Song+101+Guru+Randhawa
Punjabi Song 102,Jass Manak,happy,friendship,Punjabi,https://www.youtube.com/results?search_query=Punjabi+Song+102+Jass+Manak
Punjabi Song 103,B Praak,calm,qawwali,Punjabi,https://www.youtube.com/results?search_query=Punjabi+Song+103+B+Praak
Punjabi Song 104,Diljit Dosanjh,calm,qawwali,Punjabi,https://www.youtube.com/results?search_query=Punjabi+Song+104+Diljit+Dosanjh
Punjabi Song 105,Karan Aujla,happy,friendship,Punjabi,https://www.youtube.com/results?search_query=Punjabi+Song+105+Karan+Aujla
Punjabi Song 106,Ammy Virk,happy,friendship,Punjabi,https://www.youtube.com/results?search_query=Punjabi+Song+106+Ammy+Virk
Punjabi Song 107,Karan Aujla,happy,travel,Punjabi,https://www.youtube.com/results?search_query=Punjabi+Song+107+Karan+Aujla
Punjabi Song 108,Badshah,happy,party,Punjabi,https://www.youtube.com/results?search_query=Punjabi+Song+108+Badshah
Punjabi Song 109,Karan Aujla,happy,travel,Punjabi,https://www.youtube.com/results?search_query=Punjabi+Song+109+Karan+Aujla
Punjabi Song 110,AP Dhillon,happy,party,Punjabi,https://www.youtube.com/results?search_query=Punjabi+Song+110+AP+Dhillon
Punjabi Song 111,Sidhu Moosewala,calm,qawwali,Punjabi,https://www.youtube.com/results?search_query=Punjabi+Song+111+Sidhu+Moosewala
Punjabi Song 112,Diljit Dosanjh,sad,sad,Punjabi,https://www.youtube.com/results?search_query=Punjabi+Song+112+Diljit+Dosanjh
Punjabi Song 113,B Praak,happy,party,Punjabi,https://www.youtube.com/results?search_query=Punjabi+Song+113+B+Praak
Punjabi Song 114,Jass Manak,calm,qawwali,Punjabi,https://www.youtube.com/results?search_query=Punjabi+Song+114+Jass+Manak
Punjabi Song 115,Jass Manak,sad,sad,Punjabi,https://www.youtube.com/results?search_query=Punjabi+Song+115+Jass+Manak
Punjabi Song 116,Sidhu Moosewala,happy,romantic,Punjabi,https://www.youtube.com/results?search_query=Punjabi+Song+116+Sidhu+Moosewala
Punjabi Song 117,Karan Aujla,happy,party,Punjabi,https://www.youtube.com/results?search_query=Punjabi+Song+117+Karan+Aujla
Punjabi Song 118,Diljit Dosanjh,sad,sad,Punjabi,https://www.youtube.com/results?search_query=Punjabi+Song+118+Diljit+Dosanjh
Punjabi Song 119,Sharry Mann,sad,heartbroken,Punjabi,https://www.youtube.com/results?search_query=Punjabi+Song+119+Sharry+Mann
Punjabi Song 120,Diljit Dosanjh,sad,sad,Punjabi,https://www.youtube.com/results?search_query=Punjabi+Song+120+Diljit+Dosanjh
Punjabi Song 121,Sidhu Moosewala,happy,party,Punjabi,https://www.youtube.com/results?search_query=Punjabi+Song+121+Sidhu+Moosewala
Punjabi Song 122,B Praak,happy,travel,Punjabi,https://www.youtube.com/results?search_query=Punjabi+Song+122+B+Praak
Punjabi Song 123,Diljit Dosanjh,calm,qawwali,Punjabi,https://www.youtube.com/results?search_query=Punjabi+Song+123+Diljit+Dosanjh
Punjabi Song 124,Diljit Dosanjh,happy,friendship,Punjabi,https://www.youtube.com/results?search_query=Punjabi+Song+124+Diljit+Dosanjh
Punjabi Song 125,B Praak,happy,motivational,Punjabi,https://www.youtube.com/results?search_query=Punjabi+Song+125+B+Praak
Punjabi Song 126,Badshah,happy,friendship,Punjabi,https://www.youtube.com/results?search_query=Punjabi+Song+126+Badshah
Punjabi Song 127,Jass Manak,happy,motivational,Punjabi,https://www.youtube.com/results?search_query=Punjabi+Song+127+Jass+Manak
Punjabi Song 128,Karan Aujla,sad,sad,Punjabi,https://www.youtube.com/results?search_query=Punjabi+Song+128+Karan+Aujla
Punjabi Song 129,Karan Aujla,happy,motivational,Punjabi,https://www.youtube.com/results?search_query=Punjabi+Song+129+Karan+Aujla
Punjabi Song 130,B Praak,happy,party,Punjabi,https://www.youtube.com/results?search_query=Punjabi+Song+130+B+Praak
Punjabi Song 131,Guru Randhawa,sad,heartbroken,Punjabi,https://www.youtube.com/results?search_query=Punjabi+Song+131+Guru+Randhawa
Punjabi Song 132,Karan Aujla,happy,friendship,Punjabi,https://www.youtube.com/results?search_query=Punjabi+Song+132+Karan+Aujla
Punjabi Song 133,Sidhu Moosewala,sad,heartbroken,Punjabi,https://www.youtube.com/results?search_query=Punjabi+Song+133+Sidhu+Moosewala
Punjabi Song 134,Sidhu Moosewala,happy,friendship,Punjabi,https://www.youtube.com/results?search_query=Punjabi+Song+134+Sidhu+Moosewala
Punjabi Song 135,Sidhu Moosewala,sad,heartbroken,Punjabi,https://www.youtube.com/results?search_query=Punjabi+Song+135+Sidhu+Moosewala
Punjabi Song 136,Sharry Mann,happy,party,Punjabi,https://www.youtube.com/results?search_query=Punjabi+Song+136+Sharry+Mann
Punjabi Song 137,B Praak,sad,sad,Punjabi,https://www.youtube.com/results?search_query=Punjabi+Song+137+B+Praak
Punjabi Song 138,Karan Aujla,sad,sad,Punjabi,https://www.youtube.com/results?search_query=Punjabi+Song+138+Karan+Aujla
Punjabi Song 139,Guru Randhawa,happy,party,Punjabi,https://www.youtube.com/results?search_query=Punjabi+Song+139+Guru+Randhawa
Punjabi Song 140,Karan Aujla,calm,qawwali,Punjabi,https://www.youtube.com/results?search_query=Punjabi+Song+140+Karan+Aujla
Punjabi Song 141,Diljit Dosanjh,sad,sad,Punjabi,https://www.youtube.com/results?search_query=Punjabi+Song+141+Diljit+Dosanjh
Punjabi Song 142,Karan Aujla,happy,friendship,Punjabi,https://www.youtube.com/results?search_query=Punjabi+Song+142+Karan+Aujla
Punjabi Song 143,Sharry Mann,happy,friendship,Punjabi,https://www.youtube.com/results?search_query=Punjabi+Song+143+Sharry+Mann
Punjabi Song 144,Badshah,sad,heartbroken,Punjabi,https://www.youtube.com/results?search_query=Punjabi+Song+144+Badshah
Punjabi Song 145,Sidhu Moosewala,happy,friendship,Punjabi,https://www.youtube.com/results?search_query=Punjabi+Song+145+Sidhu+Moosewala
Punjabi Song 146,Sidhu Moosewala,calm,qawwali,Punjabi,https://www.youtube.com/results?search_query=Punjabi+Song+146+Sidhu+Moosewala
Punjabi Song 147,AP Dhillon,sad,heartbroken,Punjabi,https://www.youtube.com/results?search_query=Punjabi+Song+147+AP+Dhillon
Punjabi Song 148,Karan Aujla,happy,travel,Punjabi,https://www.youtube.com/results?search_query=Punjabi+Song+148+Karan+Aujla
Punjabi Song 149,Jass Manak,calm,qawwali,Punjabi,https://www.youtube.com/results?search_query=Punjabi+Song+149+Jass+Manak
Punjabi Song 150,Jass Manak,sad,heartbroken,Punjabi,https://www.youtube.com/results?search_query=Punjabi+Song+150+Jass+Manak
English Song 1,Billie Eilish,calm,qawwali,English,https://www.youtube.com/results?search_query=English+Song+1+Billie+Eilish
English Song 2,Dua Lipa,calm,qawwali,English,https://www.youtube.com/results?search_query=English+Song+2+Dua+Lipa
English Song 3,Coldplay,sad,sad,English,https://www.youtube.com/results?search_query=English+Song+3+Coldplay
English Song 4,Justin Bieber,sad,heartbroken,English,https://www.youtube.com/results?search_query=English+Song+4+Justin+Bieber
English Song 5,Billie Eilish,happy,party,English,https://www.youtube.com/results?search_query=English+Song+5+Billie+Eilish
English Song 6,Justin Bieber,happy,romantic,English,https://www.youtube.com/results?search_query=English+Song+6+Justin+Bieber
English Song 7,Taylor Swift,calm,qawwali,English,https://www.youtube.com/results?search_query=English+Song+7+Taylor+Swift
English Song 8,The Weeknd,sad,heartbroken,English,https://www.youtube.com/results?search_query=English+Song+8+The+Weeknd
English Song 9,Bruno Mars,happy,party,English,https://www.youtube.com/results?search_query=English+Song+9+Bruno+Mars
English Song 10,Adele,happy,party,English,https://www.youtube.com/results?search_query=English+Song+10+Adele
English Song 11,Dua Lipa,sad,sad,English,https://www.youtube.com/results?search_query=English+Song+11+Dua+Lipa
English Song 12,Bruno Mars,sad,sad,English,https://www.youtube.com/results?search_query=English+Song+12+Bruno+Mars
English Song 13,Justin Bieber,happy,travel,English,https://www.youtube.com/results?search_query=English+Song+13+Justin+Bieber
English Song 14,Coldplay,happy,motivational,English,https://www.youtube.com/results?search_query=English+Song+14+Coldplay
English Song 15,Coldplay,sad,heartbroken,English,https://www.youtube.com/results?search_query=English+Song+15+Coldplay
English Song 16,Billie Eilish,happy,romantic,English,https://www.youtube.com/results?search_query=English+Song+16+Billie+Eilish
English Song 17,Imagine Dragons,happy,romantic,English,https://www.youtube.com/results?search_query=English+Song+17+Imagine+Dragons
English Song 18,Adele,sad,heartbroken,English,https://www.youtube.com/results?search_query=English+Song+18+Adele
English Song 19,Billie Eilish,happy,romantic,English,https://www.youtube.com/results?search_query=English+Song+19+Billie+Eilish
English Song 20,Bruno Mars,sad,sad,English,https://www.youtube.com/results?search_query=English+Song+20+Bruno+Mars
English Song 21,Dua Lipa,happy,motivational,English,https://www.youtube.com/results?search_query=English+Song+21+Dua+Lipa
English Song 22,Coldplay,happy,party,English,https://www.youtube.com/results?search_query=English+Song+22+Coldplay
English Song 23,Imagine Dragons,sad,heartbroken,English,https://www.youtube.com/results?search_query=English+Song+23+Imagine+Dragons
English Song 24,Imagine Dragons,calm,qawwali,English,https://www.youtube.com/results?search_query=English+Song+24+Imagine+Dragons
English Song 25,Billie Eilish,sad,heartbroken,English,https://www.youtube.com/results?search_query=English+Song+25+Billie+Eilish
English Song 26,Dua Lipa,happy,party,English,https://www.youtube.com/results?search_query=English+Song+26+Dua+Lipa
English Song 27,Billie Eilish,sad,sad,English,https://www.youtube.com/results?search_query=English+Song+27+Billie+Eilish
English Song 28,The Weeknd,happy,party,English,https://www.youtube.com/results?search_query=English+Song+28+The+Weeknd
English Song 29,Justin Bieber,happy,romantic,English,https://www.youtube.com/results?search_query=English+Song+29+Justin+Bieber
English Song 30,Coldplay,sad,sad,English,https://www.youtube.com/results?search_query=English+Song+30+Coldplay
English Song 31,The Weeknd,happy,party,English,https://www.youtube.com/results?search_query=English+Song+31+The+Weeknd
English Song 32,Dua Lipa,calm,qawwali,English,https://www.youtube.com/results?search_query=English+Song+32+Dua+Lipa
English Song 33,Bruno Mars,happy,travel,English,https://www.youtube.com/results?search_query=English+Song+33+Bruno+Mars
English Song 34,Coldplay,sad,sad,English,https://www.youtube.com/results?search_query=English+Song+34+Coldplay
English Song 35,Taylor Swift,sad,heartbroken,English,https://www.youtube.com/results?search_query=English+Song+35+Taylor+Swift
English Song 36,Adele,happy,friendship,English,https://www.youtube.com/results?search_query=English+Song+36+Adele
English Song 37,Dua Lipa,calm,qawwali,English,https://www.youtube.com/results?search_query=English+Song+37+Dua+Lipa
English Song 38,Dua Lipa,happy,party,English,https://www.youtube.com/results?search_query=English+Song+38+Dua+Lipa
English Song 39,Ed Sheeran,happy,motivational,English,https://www.youtube.com/results?search_query=English+Song+39+Ed+Sheeran
English Song 40,Ed Sheeran,happy,friendship,English,https://www.youtube.com/results?search_query=English+Song+40+Ed+Sheeran
English Song 41,Ed Sheeran,sad,sad,English,https://www.youtube.com/results?search_query=English+Song+41+Ed+Sheeran
English Song 42,Coldplay,happy,travel,English,https://www.youtube.com/results?search_query=English+Song+42+Coldplay
English Song 43,Dua Lipa,calm,qawwali,English,https://www.youtube.com/results?search_query=English+Song+43+Dua+Lipa
English Song 44,Billie Eilish,calm,qawwali,English,https://www.youtube.com/results?search_query=English+Song+44+Billie+Eilish
English Song 45,Coldplay,sad,sad,English,https://www.youtube.com/results?search_query=English+Song+45+Coldplay
English Song 46,Coldplay,happy,friendship,English,https://www.youtube.com/results?search_query=English+Song+46+Coldplay
English Song 47,Billie Eilish,happy,travel,English,https://www.youtube.com/results?search_query=English+Song+47+Billie+Eilish
English Song 48,Justin Bieber,happy,friendship,English,https://www.youtube.com/results?search_query=English+Song+48+Justin+Bieber
English Song 49,Ed Sheeran,happy,travel,English,https://www.youtube.com/results?search_query=English+Song+49+Ed+Sheeran
English Song 50,Billie Eilish,calm,qawwali,English,https://www.youtube.com/results?search_query=English+Song+50+Billie+Eilish
English Song 51,Dua Lipa,happy,romantic,English,https://www.youtube.com/results?search_query=English+Song+51+Dua+Lipa
English Song 52,Taylor Swift,calm,qawwali,English,https://www.youtube.com/results?search_query=English+Song+52+Taylor+Swift
English Song 53,Bruno Mars,calm,qawwali,English,https://www.youtube.com/results?search_query=English+Song+53+Bruno+Mars
English Song 54,Adele,sad,sad,English,https://www.youtube.com/results?search_query=English+Song+54+Adele
English Song 55,Dua Lipa,sad,sad,English,https://www.youtube.com/results?search_query=English+Song+55+Dua+Lipa
English Song 56,Imagine Dragons,sad,sad,English,https://www.youtube.com/results?search_query=English+Song+56+Imagine+Dragons
English Song 57,Dua Lipa,happy,romantic,English,https://www.youtube.com/results?search_query=English+Song+57+Dua+Lipa
English Song 58,Coldplay,happy,motivational,English,https://www.youtube.com/results?search_query=English+Song+58+Coldplay
English Song 59,The Weeknd,happy,romantic,English,https://www.youtube.com/results?search_query=English+Song+59+The+Weeknd
English Song 60,Justin Bieber,happy,friendship,English,https://www.youtube.com/results?search_query=English+Song+60+Justin+Bieber
English Song 61,The Weeknd,happy,motivational,English,https://www.youtube.com/results?search_query=English+Song+61+The+Weeknd
English Song 62,Taylor Swift,happy,motivational,English,https://www.youtube.com/results?search_query=English+Song+62+Taylor+Swift
English Song 63,Coldplay,happy,romantic,English,https://www.youtube.com/results?search_query=English+Song+63+Coldplay
English Song 64,Billie Eilish,happy,motivational,English,https://www.youtube.com/results?search_query=English+Song+64+Billie+Eilish
English Song 65,Coldplay,happy,travel,English,https://www.youtube.com/results?search_query=English+Song+65+Coldplay
English Song 66,Adele,happy,party,English,https://www.youtube.com/results?search_query=English+Song+66+Adele
English Song 67,Ed Sheeran,happy,romantic,English,https://www.youtube.com/results?search_query=English+Song+67+Ed+Sheeran
English Song 68,Ed Sheeran,sad,sad,English,https://www.youtube.com/results?search_query=English+Song+68+Ed+Sheeran
English Song 69,Taylor Swift,sad,sad,English,https://www.youtube.com/results?search_query=English+Song+69+Taylor+Swift
English Song 70,Billie Eilish,happy,travel,English,https://www.youtube.com/results?search_query=English+Song+70+Billie+Eilish
English Song 71,Ed Sheeran,happy,travel,English,https://www.youtube.com/results?search_query=English+Song+71+Ed+Sheeran
English Song 72,Bruno Mars,sad,sad,English,https://www.youtube.com/results?search_query=English+Song+72+Bruno+Mars
English Song 73,Justin Bieber,happy,romantic,English,https://www.youtube.com/results?search_query=English+Song+73+Justin+Bieber
English Song 74,Ed Sheeran,happy,motivational,English,https://www.youtube.com/results?search_query=English+Song+74+Ed+Sheeran
English Song 75,Dua Lipa,happy,romantic,English,https://www.youtube.com/results?search_query=English+Song+75+Dua+Lipa
English Song 76,Imagine Dragons,happy,motivational,English,https://www.youtube.com/results?search_query=English+Song+76+Imagine+Dragons
English Song 77,Dua Lipa,sad,sad,English,https://www.youtube.com/results?search_query=English+Song+77+Dua+Lipa
English Song 78,Justin Bieber,happy,party,English,https://www.youtube.com/results?search_query=English+Song+78+Justin+Bieber
English Song 79,The Weeknd,sad,heartbroken,English,https://www.youtube.com/results?search_query=English+Song+79+The+Weeknd
English Song 80,The Weeknd,calm,qawwali,English,https://www.youtube.com/results?search_query=English+Song+80+The+Weeknd
English Song 81,Billie Eilish,sad,heartbroken,English,https://www.youtube.com/results?search_query=English+Song+81+Billie+Eilish
English Song 82,Ed Sheeran,sad,heartbroken,English,https://www.youtube.com/results?search_query=English+Song+82+Ed+Sheeran
English Song 83,Adele,sad,sad,English,https://www.youtube.com/results?search_query=English+Song+83+Adele
English Song 84,Taylor Swift,calm,qawwali,English,https://www.youtube.com/results?search_query=English+Song+84+Taylor+Swift
English Song 85,Imagine Dragons,happy,party,English,https://www.youtube.com/results?search_query=English+Song+85+Imagine+Dragons
English Song 86,Bruno Mars,happy,party,English,https://www.youtube.com/results?search_query=English+Song+86+Bruno+Mars
English Song 87,Imagine Dragons,happy,romantic,English,https://www.youtube.com/results?search_query=English+Song+87+Imagine+Dragons
English Song 88,Adele,happy,motivational,English,https://www.youtube.com/results?search_query=English+Song+88+Adele
English Song 89,Dua Lipa,happy,friendship,English,https://www.youtube.com/results?search_query=English+Song+89+Dua+Lipa
English Song 90,Justin Bieber,happy,motivational,English,https://www.youtube.com/results?search_query=English+Song+90+Justin+Bieber
English Song 91,Adele,happy,travel,English,https://www.youtube.com/results?search_query=English+Song+91+Adele
English Song 92,Ed Sheeran,happy,travel,English,https://www.youtube.com/results?search_query=English+Song+92+Ed+Sheeran
English Song 93,Justin Bieber,happy,motivational,English,https://www.youtube.com/results?search_query=English+Song+93+Justin+Bieber
English Song 94,Coldplay,happy,friendship,English,https://www.youtube.com/results?search_query=English+Song+94+Coldplay
English Song 95,The Weeknd,happy,travel,English,https://www.youtube.com/results?search_query=English+Song+95+The+Weeknd
English Song 96,Bruno Mars,sad,sad,English,https://www.youtube.com/results?search_query=English+Song+96+Bruno+Mars
English Song 97,Bruno Mars,sad,sad,English,https://www.youtube.com/results?search_query=English+Song+97+Bruno+Mars
English Song 98,Coldplay,happy,party,English,https://www.youtube.com/results?search_query=English+Song+98+Coldplay
English Song 99,Dua Lipa,calm,qawwali,English,https://www.youtube.com/results?search_query=English+Song+99+Dua+Lipa
English Song 100,Ed Sheeran,happy,travel,English,https://www.youtube.com/results?search_query=English+Song+100+Ed+Sheeran
